<?xml version="1.0" encoding="utf-8" ?>
<!--
Licensee: Hugo Oliveira(Universidade do Minho)
License Type: Academic
-->
<!DOCTYPE hibernate-mapping PUBLIC "-//Hibernate/Hibernate Mapping DTD 3.0//EN" "http://www.hibernate.org/dtd/hibernate-mapping-3.0.dtd">
<hibernate-mapping>
	<class name="dsm.Exam" table="Exam" lazy="false">
		<id name="ID" column="ID" type="integer" unsaved-value="0">
			<generator class="increment">
			</generator>
		</id>
		<property name="startTime" column="StartTime" type="date" not-null="false" lazy="false"/>
		<property name="description" column="Description" type="string" length="255" not-null="false" lazy="false"/>
	</class>
</hibernate-mapping>
