<?xml version="1.0" encoding="utf-8" ?>
<!--
Licensee: Hugo Oliveira(Universidade do Minho)
License Type: Academic
-->
<!DOCTYPE hibernate-mapping PUBLIC "-//Hibernate/Hibernate Mapping DTD 3.0//EN" "http://www.hibernate.org/dtd/hibernate-mapping-3.0.dtd">
<hibernate-mapping>
	<class name="dsm.Payment" table="Payment" lazy="false">
		<id name="ID" column="ID" type="integer" unsaved-value="0">
			<generator class="increment">
			</generator>
		</id>
		<many-to-one name="licenseCar" column="LicenseCarID" class="dsm.LicenseCar" cascade="save-update,lock" unique="true" not-null="true" lazy="proxy" access="field">
		</many-to-one>
		<many-to-one name="secretary" column="SecretaryID" class="dsm.Secretary" cascade="save-update,lock" unique="true" not-null="true" lazy="proxy" access="field">
		</many-to-one>
		<property name="timestamp" column="Timestamp" type="date" not-null="false" lazy="false"/>
	</class>
</hibernate-mapping>
