<?xml version="1.0" encoding="utf-8" ?>
<!--
Licensee: Hugo Oliveira(Universidade do Minho)
License Type: Academic
-->
<!DOCTYPE hibernate-mapping PUBLIC "-//Hibernate/Hibernate Mapping DTD 3.0//EN" "http://www.hibernate.org/dtd/hibernate-mapping-3.0.dtd">
<hibernate-mapping>
	<class name="dsm.Secretary" table="Secretary" lazy="false">
		<id name="ID" column="ID" type="integer" unsaved-value="0">
			<generator class="increment">
			</generator>
		</id>
		<property name="firstName" column="FirstName" type="string" length="255" not-null="false" lazy="false"/>
		<property name="lastName" column="LastName" type="string" length="255" not-null="false" lazy="false"/>
		<property name="email" column="Email" type="string" length="255" not-null="false" lazy="false"/>
		<property name="password" column="Password" type="string" length="255" not-null="false" lazy="false"/>
	</class>
</hibernate-mapping>
