<?xml version="1.0" encoding="UTF-8"?>

<Database>
  <Setting type="32">
    <Driver></Driver>
    <DriverFiles></DriverFiles>
    <Dialect></Dialect>
    <DriverClass></DriverClass>
    <URL></URL>
    <UserName></UserName>
    <EncryptedPassword>32F3ACE632ECEBAFB24DCAF99A8C6CDC</EncryptedPassword>
    <HostName></HostName>
    <PortNO></PortNO>
    <DBName></DBName>
    <ServiceName></ServiceName>
    <ServerName></ServerName>
    <SelectedForm>true</SelectedForm>
  </Setting>
  <Setting type="2">
    <Driver>MySQL (Connector/J Driver)</Driver>
    <DriverFiles>&lt;&lt;MySQL Connector/J 5.1.33&gt;&gt;</DriverFiles>
    <Dialect>org.hibernate.dialect.MySQLDialect</Dialect>
    <DriverClass>com.mysql.jdbc.Driver</DriverClass>
    <URL>jdbc:mysql://localhost:3306/dsm</URL>
    <UserName>hugo</UserName>
    <EncryptedPassword>86B5D09CD8912AF029972D274BBCBE9B</EncryptedPassword>
    <HostName>localhost</HostName>
    <PortNO>3306</PortNO>
    <DBName>dsm</DBName>
    <ServiceName></ServiceName>
    <ServerName></ServerName>
    <SelectedForm>true</SelectedForm>
  </Setting>
</Database>
