<?xml version="1.0" encoding="utf-8" ?>
<!--
Licensee: Hugo Oliveira(Universidade do Minho)
License Type: Academic
-->
<!DOCTYPE hibernate-configuration PUBLIC
        "-//Hibernate/Hibernate Configuration DTD 3.0//EN"
 "http://www.hibernate.org/dtd/hibernate-configuration-3.0.dtd">
<hibernate-configuration>
	<session-factory>
   	<!-- properties -->
		<property name="dialect">org.hibernate.dialect.MySQLDialect</property>
		<property name="connection.driver_class">com.mysql.jdbc.Driver</property>
		<property name="connection.url">jdbc:mysql://localhost:3306/dsm</property>
		<property name="connection.username">hugo</property>
		<property name="connection.password">password</property>
		<property name="show_sql">false</property>
		<property name="query.substitutions">true 1, false 0, yes 'Y', no 'N'</property>
		<!-- mapping files -->
		<mapping resource="ormmapping/dsm/Announcement.hbm.xml" />
		<mapping resource="ormmapping/dsm/Exam.hbm.xml" />
		<mapping resource="ormmapping/dsm/Instructor.hbm.xml" />
		<mapping resource="ormmapping/dsm/LicenseCar.hbm.xml" />
		<mapping resource="ormmapping/dsm/Payment.hbm.xml" />
		<mapping resource="ormmapping/dsm/PracticalLesson.hbm.xml" />
		<mapping resource="ormmapping/dsm/Register.hbm.xml" />
		<mapping resource="ormmapping/dsm/SchoolInfo.hbm.xml" />
		<mapping resource="ormmapping/dsm/Secretary.hbm.xml" />
		<mapping resource="ormmapping/dsm/Student.hbm.xml" />
		<mapping resource="ormmapping/dsm/Theme.hbm.xml" />
		<mapping resource="ormmapping/dsm/TheoreticalLesson.hbm.xml" />
		<mapping resource="ormmapping/dsm/WorkingDay.hbm.xml" />
	</session-factory>
</hibernate-configuration>
